number;photo_filename;name
1;1.jpg;Vicente Conceição
2;2.jpg;Duarte Maia
3;3.jpg;Sebastian Teixeira
4;4.jpg;João Lopes
5;5.jpg;Pedro Canas
6;6.jpg;Raul Mariño
8;8.jpg;Miguel Carvalho
9;9.jpg;Mateus Rino
10;10.jpg;André Gonçalves
11;11.jpg;Tomé Vida
12;12.jpg;Ernesto Mariño
13;13.jpg;Gui Lopes
14;14.jpg;Gabriel Ruas
15;15.jpg;Martim Neves
16;16.jpg;Matias Henriques
17;17.jpg;Tiago Marta
18;18.jpg;Fausto Vidal
22;22.jpg;João Castro
23;23.jpg;Martim Medeiros
27;27.jpg;Rafael Rocha
30;30.jpg;Gonçalo SIlva
32;32.jpg;Miguel Canas
102;102.jpg;Mateus Julião
104;104.jpg;Guilherme Pinho
111;111.jpg;Salvador Oliveira
113;113.jpg;Martim Ferreira
115;115.jpg;Gonçalo Rocha
